[
  {
    "playerName": "iliya",
    "levelNumber": 1,
    "passedTime": 0,
    "levelEnd": false,
    "levelStarted": true,
    "coin": 9650,
    "ingredients": [],
    "chickens": [
      {
        "SellPrice": 50,
        "BuyPrice": 100,
        "x": 1,
        "y": 1,
        "health": 100,
        "speed": 1,
        "capacity": 0,
        "product": "egg",
        "productTime": 2,
        "time": -1
      }
    ],
    "buffalos": [],
    "turkies": [],
    "bears": [],
    "lions": [],
    "tigers": [],
    "cats": [],
    "dogs": [],
    "map": {
      "length": 6,
      "height": 6,
      "map": [
        [
          {
            "x": 1,
            "y": 1,
            "grass": 0
          },
          {
            "x": 1,
            "y": 2,
            "grass": 0
          },
          {
            "x": 1,
            "y": 3,
            "grass": 0
          },
          {
            "x": 1,
            "y": 4,
            "grass": 0
          },
          {
            "x": 1,
            "y": 5,
            "grass": 0
          },
          {
            "x": 1,
            "y": 6,
            "grass": 0
          }
        ],
        [
          {
            "x": 2,
            "y": 1,
            "grass": 0
          },
          {
            "x": 2,
            "y": 2,
            "grass": 0
          },
          {
            "x": 2,
            "y": 3,
            "grass": 0
          },
          {
            "x": 2,
            "y": 4,
            "grass": 0
          },
          {
            "x": 2,
            "y": 5,
            "grass": 0
          },
          {
            "x": 2,
            "y": 6,
            "grass": 0
          }
        ],
        [
          {
            "x": 3,
            "y": 1,
            "grass": 0
          },
          {
            "x": 3,
            "y": 2,
            "grass": 0
          },
          {
            "x": 3,
            "y": 3,
            "grass": 0
          },
          {
            "x": 3,
            "y": 4,
            "grass": 0
          },
          {
            "x": 3,
            "y": 5,
            "grass": 0
          },
          {
            "x": 3,
            "y": 6,
            "grass": 0
          }
        ],
        [
          {
            "x": 4,
            "y": 1,
            "grass": 0
          },
          {
            "x": 4,
            "y": 2,
            "grass": 0
          },
          {
            "x": 4,
            "y": 3,
            "grass": 0
          },
          {
            "x": 4,
            "y": 4,
            "grass": 0
          },
          {
            "x": 4,
            "y": 5,
            "grass": 0
          },
          {
            "x": 4,
            "y": 6,
            "grass": 0
          }
        ],
        [
          {
            "x": 5,
            "y": 1,
            "grass": 0
          },
          {
            "x": 5,
            "y": 2,
            "grass": 0
          },
          {
            "x": 5,
            "y": 3,
            "grass": 0
          },
          {
            "x": 5,
            "y": 4,
            "grass": 0
          },
          {
            "x": 5,
            "y": 5,
            "grass": 0
          },
          {
            "x": 5,
            "y": 6,
            "grass": 0
          }
        ],
        [
          {
            "x": 6,
            "y": 1,
            "grass": 0
          },
          {
            "x": 6,
            "y": 2,
            "grass": 0
          },
          {
            "x": 6,
            "y": 3,
            "grass": 0
          },
          {
            "x": 6,
            "y": 4,
            "grass": 0
          },
          {
            "x": 6,
            "y": 5,
            "grass": 0
          },
          {
            "x": 6,
            "y": 6,
            "grass": 0
          }
        ]
      ]
    },
    "bucket": {
      "capacity": 0,
      "duration": -1,
      "maxDuration": 5,
      "full": false
    },
    "weaveFactory": {
      "buildPrice": 250,
      "maxDuration": 5,
      "ingredient": "feather",
      "product": {
        "name": "weave",
        "price": 50,
        "size": 2,
        "x": 0,
        "y": 0,
        "expire": 5
      },
      "level": 0,
      "upgradePrice": 0,
      "ingredientExistence": false,
      "existence": false,
      "duration": -1,
      "productTime": 0
    },
    "millFactory": {
      "buildPrice": 150,
      "maxDuration": 4,
      "ingredient": "egg",
      "product": {
        "name": "flour",
        "price": 40,
        "size": 2,
        "x": 0,
        "y": 0,
        "expire": 5
      },
      "level": 0,
      "upgradePrice": 0,
      "ingredientExistence": false,
      "existence": false,
      "duration": -1,
      "productTime": 0
    },
    "milkFactory": {
      "buildPrice": 400,
      "maxDuration": 6,
      "ingredient": "milk",
      "product": {
        "name": "cmilk",
        "price": 60,
        "size": 2,
        "x": 0,
        "y": 0,
        "expire": 5
      },
      "level": 0,
      "upgradePrice": 0,
      "ingredientExistence": false,
      "existence": false,
      "duration": -1,
      "productTime": 0
    },
    "bakery": {
      "buildPrice": 250,
      "maxDuration": 5,
      "ingredient": "flour",
      "product": {
        "name": "bread",
        "price": 80,
        "size": 4,
        "x": 0,
        "y": 0,
        "expire": 6
      },
      "level": 0,
      "upgradePrice": 0,
      "ingredientExistence": false,
      "existence": true,
      "duration": -1,
      "productTime": 0
    },
    "sewingFactory": {
      "buildPrice": 400,
      "maxDuration": 6,
      "ingredient": "weave",
      "product": {
        "name": "cloth",
        "price": 100,
        "size": 4,
        "x": 0,
        "y": 0,
        "expire": 6
      },
      "level": 0,
      "upgradePrice": 0,
      "ingredientExistence": false,
      "existence": false,
      "duration": -1,
      "productTime": 0
    },
    "iceFactory": {
      "buildPrice": 550,
      "maxDuration": 7,
      "ingredient": "cmilk",
      "product": {
        "name": "icecream",
        "price": 120,
        "size": 4,
        "x": 0,
        "y": 0,
        "expire": 6
      },
      "level": 0,
      "upgradePrice": 0,
      "ingredientExistence": false,
      "existence": false,
      "duration": -1,
      "productTime": 0
    },
    "storage": {
      "capacity": 30,
      "names": [],
      "quantities": []
    },
    "motorCycle": {
      "capacity": 0,
      "names": [],
      "quantities": []
    }
  }
]