[
  {
    "playerName": "iliya",
    "levelNumber": 2,
    "passedTime": 0,
    "levelEnd": false,
    "levelStarted": false,
    "coin": 120,
    "ingredients": [],
    "chickens": [
      {
        "SellPrice": 50,
        "BuyPrice": 10,
        "x": 5,
        "y": 1,
        "health": 100,
        "speed": 1,
        "capacity": 0,
        "product": "egg",
        "productTime": 2,
        "time": -1,
        "existence": false
      },
      {
        "SellPrice": 50,
        "BuyPrice": 10,
        "x": 1,
        "y": 1,
        "health": 100,
        "speed": 1,
        "capacity": 0,
        "product": "egg",
        "productTime": 2,
        "time": -1,
        "existence": false
      }
    ],
    "buffalos": [],
    "turkies": [],
    "bears": [],
    "lions": [],
    "tigers": [],
    "cats": [],
    "dogs": [],
    "map": {
      "length": 6,
      "height": 6,
      "map": [
        [
          {
            "x": 0,
            "y": 0,
            "grass": 0
          },
          {
            "x": 0,
            "y": 1,
            "grass": 0
          },
          {
            "x": 0,
            "y": 2,
            "grass": 0
          },
          {
            "x": 0,
            "y": 3,
            "grass": 0
          },
          {
            "x": 0,
            "y": 4,
            "grass": 0
          },
          {
            "x": 0,
            "y": 5,
            "grass": 0
          }
        ],
        [
          {
            "x": 1,
            "y": 0,
            "grass": 0
          },
          {
            "x": 1,
            "y": 1,
            "grass": 0
          },
          {
            "x": 1,
            "y": 2,
            "grass": 0
          },
          {
            "x": 1,
            "y": 3,
            "grass": 0
          },
          {
            "x": 1,
            "y": 4,
            "grass": 0
          },
          {
            "x": 1,
            "y": 5,
            "grass": 0
          }
        ],
        [
          {
            "x": 2,
            "y": 0,
            "grass": 0
          },
          {
            "x": 2,
            "y": 1,
            "grass": 0
          },
          {
            "x": 2,
            "y": 2,
            "grass": 0
          },
          {
            "x": 2,
            "y": 3,
            "grass": 0
          },
          {
            "x": 2,
            "y": 4,
            "grass": 0
          },
          {
            "x": 2,
            "y": 5,
            "grass": 0
          }
        ],
        [
          {
            "x": 3,
            "y": 0,
            "grass": 0
          },
          {
            "x": 3,
            "y": 1,
            "grass": 0
          },
          {
            "x": 3,
            "y": 2,
            "grass": 0
          },
          {
            "x": 3,
            "y": 3,
            "grass": 0
          },
          {
            "x": 3,
            "y": 4,
            "grass": 0
          },
          {
            "x": 3,
            "y": 5,
            "grass": 0
          }
        ],
        [
          {
            "x": 4,
            "y": 0,
            "grass": 0
          },
          {
            "x": 4,
            "y": 1,
            "grass": 0
          },
          {
            "x": 4,
            "y": 2,
            "grass": 0
          },
          {
            "x": 4,
            "y": 3,
            "grass": 0
          },
          {
            "x": 4,
            "y": 4,
            "grass": 0
          },
          {
            "x": 4,
            "y": 5,
            "grass": 0
          }
        ],
        [
          {
            "x": 5,
            "y": 0,
            "grass": 0
          },
          {
            "x": 5,
            "y": 1,
            "grass": 0
          },
          {
            "x": 5,
            "y": 2,
            "grass": 0
          },
          {
            "x": 5,
            "y": 3,
            "grass": 0
          },
          {
            "x": 5,
            "y": 4,
            "grass": 0
          },
          {
            "x": 5,
            "y": 5,
            "grass": 0
          }
        ]
      ]
    },
    "bucket": {
      "capacity": 5,
      "duration": -1,
      "maxDuration": 5,
      "full": true
    },
    "weaveFactory": {
      "buildPrice": 250,
      "maxDuration": 5,
      "ingredient": "feather",
      "product": {
        "name": "feather",
        "price": 20,
        "size": 1,
        "x": 0,
        "y": 0,
        "expire": 4
      },
      "level": 0,
      "upgradePrice": 0,
      "ingredientExistence": false,
      "ingredientExistence2": false,
      "existence": false,
      "productTime": 0
    },
    "millFactory": {
      "buildPrice": 150,
      "maxDuration": 4,
      "ingredient": "flour",
      "product": {
        "name": "flour",
        "price": 40,
        "size": 2,
        "x": 0,
        "y": 0,
        "expire": 5
      },
      "level": 0,
      "upgradePrice": 0,
      "ingredientExistence": false,
      "ingredientExistence2": false,
      "existence": false,
      "productTime": 0
    },
    "milkFactory": {
      "buildPrice": 400,
      "maxDuration": 6,
      "ingredient": "milk",
      "product": {
        "name": "milk",
        "price": 25,
        "size": 1,
        "x": 0,
        "y": 0,
        "expire": 4
      },
      "level": 0,
      "upgradePrice": 0,
      "ingredientExistence": false,
      "ingredientExistence2": false,
      "existence": false,
      "productTime": 0
    },
    "bakery": {
      "buildPrice": 250,
      "maxDuration": 5,
      "ingredient": "bread",
      "product": {
        "name": "bread",
        "price": 80,
        "size": 4,
        "x": 0,
        "y": 0,
        "expire": 6
      },
      "level": 0,
      "upgradePrice": 0,
      "ingredientExistence": false,
      "ingredientExistence2": false,
      "existence": false,
      "productTime": 0
    },
    "sewingFactory": {
      "buildPrice": 400,
      "maxDuration": 6,
      "ingredient": "cloth",
      "product": {
        "name": "cloth",
        "price": 100,
        "size": 4,
        "x": 0,
        "y": 0,
        "expire": 6
      },
      "level": 0,
      "upgradePrice": 0,
      "ingredientExistence": false,
      "ingredientExistence2": false,
      "existence": false,
      "productTime": 0
    },
    "iceFactory": {
      "buildPrice": 550,
      "maxDuration": 7,
      "ingredient": "icecream",
      "product": {
        "name": "icecream",
        "price": 120,
        "size": 4,
        "x": 0,
        "y": 0,
        "expire": 6
      },
      "level": 0,
      "upgradePrice": 0,
      "ingredientExistence": false,
      "ingredientExistence2": false,
      "existence": false,
      "productTime": 0
    },
    "storage": {
      "capacity": 30,
      "names": [],
      "quantities": []
    },
    "motorCycle": {
      "capacity": 10,
      "counter": -1,
      "Max": 10,
      "coin": 0,
      "names": [],
      "quantities": []
    },
    "task": {
      "taskObj": 2,
      "timeObj": 10000,
      "chickenObj": 4,
      "buffaloObj": 10000,
      "turkeyObj": 10000,
      "coinObj": 10000,
      "eggObj": 6,
      "flourObj": 10000,
      "featherObj": 10000,
      "milkObj": 10000,
      "cmilkObj": 10000,
      "breadObj": 10000,
      "weaveObj": 10000,
      "clothObj": 10000,
      "iceCreamObj": 10000,
      "coinCheck": false,
      "chickenCheck": false,
      "buffaloCheck": false,
      "turkeyCheck": false,
      "eggCheck": false,
      "flourCheck": false,
      "featherCheck": false,
      "milkCheck": false,
      "cmilkCheck": false,
      "breadCheck": false,
      "weaveCheck": false,
      "clothCheck": false,
      "iceCreamCheck": false,
      "timeCheck": false,
      "totalCoin": 0,
      "timeCounter": 0,
      "eggCounter": 0,
      "flourCounter": 0,
      "featherCounter": 0,
      "milkCounter": 0,
      "cmilkCounter": 0,
      "breadCounter": 0,
      "weaveCounter": 0,
      "clothCounter": 0,
      "iceCreamCounter": 0,
      "chickenCounter": 0,
      "turkeyCounter": 0,
      "buffaloCounter": 0,
      "taskCounter": 0
    }
  },
  {
    "playerName": "iliya",
    "levelNumber": 1,
    "passedTime": 0,
    "levelEnd": false,
    "levelStarted": true,
    "coin": 100,
    "ingredients": [
      {
        "name": "egg",
        "price": 15,
        "size": 1,
        "x": 2,
        "y": 6,
        "expire": 4
      },
      {
        "name": "egg",
        "price": 15,
        "size": 1,
        "x": 5,
        "y": 5,
        "expire": 4
      }
    ],
    "chickens": [
      {
        "SellPrice": 50,
        "BuyPrice": 10,
        "x": 5,
        "y": 5,
        "health": 70,
        "speed": 1,
        "capacity": 0,
        "product": "egg",
        "productTime": 2,
        "time": -1,
        "existence": false
      },
      {
        "SellPrice": 50,
        "BuyPrice": 10,
        "x": 2,
        "y": 6,
        "health": 70,
        "speed": 1,
        "capacity": 0,
        "product": "egg",
        "productTime": 2,
        "time": -1,
        "existence": false
      }
    ],
    "buffalos": [],
    "turkies": [],
    "bears": [],
    "lions": [],
    "tigers": [],
    "cats": [],
    "dogs": [],
    "map": {
      "length": 6,
      "height": 6,
      "map": [
        [
          {
            "x": 0,
            "y": 0,
            "grass": 0
          },
          {
            "x": 0,
            "y": 1,
            "grass": 0
          },
          {
            "x": 0,
            "y": 2,
            "grass": 0
          },
          {
            "x": 0,
            "y": 3,
            "grass": 0
          },
          {
            "x": 0,
            "y": 4,
            "grass": 0
          },
          {
            "x": 0,
            "y": 5,
            "grass": 0
          }
        ],
        [
          {
            "x": 1,
            "y": 0,
            "grass": 0
          },
          {
            "x": 1,
            "y": 1,
            "grass": 0
          },
          {
            "x": 1,
            "y": 2,
            "grass": 0
          },
          {
            "x": 1,
            "y": 3,
            "grass": 0
          },
          {
            "x": 1,
            "y": 4,
            "grass": 0
          },
          {
            "x": 1,
            "y": 5,
            "grass": 0
          }
        ],
        [
          {
            "x": 2,
            "y": 0,
            "grass": 0
          },
          {
            "x": 2,
            "y": 1,
            "grass": 0
          },
          {
            "x": 2,
            "y": 2,
            "grass": 0
          },
          {
            "x": 2,
            "y": 3,
            "grass": 0
          },
          {
            "x": 2,
            "y": 4,
            "grass": 0
          },
          {
            "x": 2,
            "y": 5,
            "grass": 0
          }
        ],
        [
          {
            "x": 3,
            "y": 0,
            "grass": 0
          },
          {
            "x": 3,
            "y": 1,
            "grass": 0
          },
          {
            "x": 3,
            "y": 2,
            "grass": 0
          },
          {
            "x": 3,
            "y": 3,
            "grass": 0
          },
          {
            "x": 3,
            "y": 4,
            "grass": 0
          },
          {
            "x": 3,
            "y": 5,
            "grass": 0
          }
        ],
        [
          {
            "x": 4,
            "y": 0,
            "grass": 0
          },
          {
            "x": 4,
            "y": 1,
            "grass": 0
          },
          {
            "x": 4,
            "y": 2,
            "grass": 0
          },
          {
            "x": 4,
            "y": 3,
            "grass": 0
          },
          {
            "x": 4,
            "y": 4,
            "grass": 0
          },
          {
            "x": 4,
            "y": 5,
            "grass": 0
          }
        ],
        [
          {
            "x": 5,
            "y": 0,
            "grass": 0
          },
          {
            "x": 5,
            "y": 1,
            "grass": 0
          },
          {
            "x": 5,
            "y": 2,
            "grass": 0
          },
          {
            "x": 5,
            "y": 3,
            "grass": 0
          },
          {
            "x": 5,
            "y": 4,
            "grass": 0
          },
          {
            "x": 5,
            "y": 5,
            "grass": 0
          }
        ]
      ]
    },
    "bucket": {
      "capacity": 5,
      "duration": -1,
      "maxDuration": 5,
      "full": true
    },
    "weaveFactory": {
      "buildPrice": 250,
      "maxDuration": 5,
      "ingredient": "feather",
      "product": {
        "name": "feather",
        "price": 20,
        "size": 1,
        "x": 0,
        "y": 0,
        "expire": 4
      },
      "level": 0,
      "upgradePrice": 0,
      "ingredientExistence": false,
      "ingredientExistence2": false,
      "existence": false,
      "productTime": 0
    },
    "millFactory": {
      "buildPrice": 150,
      "maxDuration": 4,
      "ingredient": "flour",
      "product": {
        "name": "flour",
        "price": 40,
        "size": 2,
        "x": 0,
        "y": 0,
        "expire": 5
      },
      "level": 0,
      "upgradePrice": 0,
      "ingredientExistence": false,
      "ingredientExistence2": false,
      "existence": false,
      "productTime": 0
    },
    "milkFactory": {
      "buildPrice": 400,
      "maxDuration": 6,
      "ingredient": "milk",
      "product": {
        "name": "milk",
        "price": 25,
        "size": 1,
        "x": 0,
        "y": 0,
        "expire": 4
      },
      "level": 0,
      "upgradePrice": 0,
      "ingredientExistence": false,
      "ingredientExistence2": false,
      "existence": false,
      "productTime": 0
    },
    "bakery": {
      "buildPrice": 250,
      "maxDuration": 5,
      "ingredient": "bread",
      "product": {
        "name": "bread",
        "price": 80,
        "size": 4,
        "x": 0,
        "y": 0,
        "expire": 6
      },
      "level": 0,
      "upgradePrice": 0,
      "ingredientExistence": false,
      "ingredientExistence2": false,
      "existence": false,
      "productTime": 0
    },
    "sewingFactory": {
      "buildPrice": 400,
      "maxDuration": 6,
      "ingredient": "cloth",
      "product": {
        "name": "cloth",
        "price": 100,
        "size": 4,
        "x": 0,
        "y": 0,
        "expire": 6
      },
      "level": 0,
      "upgradePrice": 0,
      "ingredientExistence": false,
      "ingredientExistence2": false,
      "existence": false,
      "productTime": 0
    },
    "iceFactory": {
      "buildPrice": 550,
      "maxDuration": 7,
      "ingredient": "icecream",
      "product": {
        "name": "icecream",
        "price": 120,
        "size": 4,
        "x": 0,
        "y": 0,
        "expire": 6
      },
      "level": 0,
      "upgradePrice": 0,
      "ingredientExistence": false,
      "ingredientExistence2": false,
      "existence": false,
      "productTime": 0
    },
    "storage": {
      "capacity": 30,
      "names": [],
      "quantities": []
    },
    "motorCycle": {
      "capacity": 10,
      "counter": -1,
      "Max": 10,
      "coin": 0,
      "names": [],
      "quantities": []
    },
    "task": {
      "taskObj": 1,
      "timeObj": 10000,
      "chickenObj": 10000,
      "buffaloObj": 10000,
      "turkeyObj": 10000,
      "coinObj": 10000,
      "eggObj": 6,
      "flourObj": 10000,
      "featherObj": 10000,
      "milkObj": 10000,
      "cmilkObj": 10000,
      "breadObj": 10000,
      "weaveObj": 10000,
      "clothObj": 10000,
      "iceCreamObj": 10000,
      "coinCheck": false,
      "chickenCheck": false,
      "buffaloCheck": false,
      "turkeyCheck": false,
      "eggCheck": false,
      "flourCheck": false,
      "featherCheck": false,
      "milkCheck": false,
      "cmilkCheck": false,
      "breadCheck": false,
      "weaveCheck": false,
      "clothCheck": false,
      "iceCreamCheck": false,
      "timeCheck": false,
      "totalCoin": 0,
      "timeCounter": 3,
      "eggCounter": 0,
      "flourCounter": 0,
      "featherCounter": 0,
      "milkCounter": 0,
      "cmilkCounter": 0,
      "breadCounter": 0,
      "weaveCounter": 0,
      "clothCounter": 0,
      "iceCreamCounter": 0,
      "chickenCounter": 2,
      "turkeyCounter": 0,
      "buffaloCounter": 0,
      "taskCounter": 0
    }
  }
]