[
  {
    "playerName": "",
    "levelNumber": 3,
    "passedTime": 0,
    "levelEnd": false,
    "levelStarted": false,
    "coin": 300,
    "ingredients": [],
    "chickens": [
      {
        "sellPrice": 50,
        "BuyPrice": 100,
        "x": 3,
        "y": 5,
        "health": 100,
        "speed": 1,
        "capacity": 0,
        "product": "egg",
        "productTime": 1,
        "time": -1,
        "existence": false
      },
      {
        "sellPrice": 50,
        "BuyPrice": 100,
        "x": 2,
        "y": 6,
        "health": 100,
        "speed": 1,
        "capacity": 0,
        "product": "egg",
        "productTime": 1,
        "time": -1,
        "existence": false
      }
    ],
    "buffalos": [],
    "turkies": [
      {
        "sellPrice": 100,
        "BuyPrice": 200,
        "x": 4,
        "y": 3,
        "health": 100,
        "speed": 1,
        "capacity": 0,
        "product": "feather",
        "productTime": 2,
        "time": -1,
        "existence": false
      }
    ],
    "bears": [],
    "lions": [],
    "tigers": [],
    "cats": [],
    "dogs": [],
    "map": {
      "length": 6,
      "height": 6,
      "map": [
        [
          null,
          null,
          null,
          null,
          null,
          null
        ],
        [
          null,
          null,
          null,
          null,
          null,
          null
        ],
        [
          null,
          null,
          null,
          null,
          null,
          null
        ],
        [
          null,
          null,
          null,
          null,
          null,
          null
        ],
        [
          null,
          null,
          null,
          null,
          null,
          null
        ],
        [
          null,
          null,
          null,
          null,
          null,
          null
        ]
      ]
    },
    "bucket": {
      "capacity": 5,
      "duration": -1,
      "maxDuration": 5,
      "full": true
    },
    "weaveFactory": {
      "buildPrice": 250,
      "maxDuration": 4,
      "ingredient": "feather",
      "product": {
        "name": "weave",
        "price": 50,
        "size": 2,
        "x": 1,
        "y": 1,
        "expire": 5
      },
      "level": 1,
      "upgradePrice": 0,
      "ingredientExistence": false,
      "ingredientExistence2": false,
      "existence": false,
      "productTime": -1
    },
    "millFactory": {
      "buildPrice": 150,
      "maxDuration": 3,
      "ingredient": "egg",
      "product": {
        "name": "flour",
        "price": 40,
        "size": 2,
        "x": 1,
        "y": 1,
        "expire": 5
      },
      "level": 1,
      "upgradePrice": 0,
      "ingredientExistence": false,
      "ingredientExistence2": false,
      "existence": false,
      "productTime": -1
    },
    "milkFactory": {
      "buildPrice": 400,
      "maxDuration": 5,
      "ingredient": "milk",
      "product": {
        "name": "cmilk",
        "price": 60,
        "size": 2,
        "x": 1,
        "y": 1,
        "expire": 5
      },
      "level": 1,
      "upgradePrice": 0,
      "ingredientExistence": false,
      "ingredientExistence2": false,
      "existence": false,
      "productTime": -1
    },
    "bakery": {
      "buildPrice": 250,
      "maxDuration": 4,
      "ingredient": "flour",
      "product": {
        "name": "bread",
        "price": 80,
        "size": 4,
        "x": 1,
        "y": 1,
        "expire": 6
      },
      "level": 1,
      "upgradePrice": 0,
      "ingredientExistence": false,
      "ingredientExistence2": false,
      "existence": false,
      "productTime": -1
    },
    "sewingFactory": {
      "buildPrice": 400,
      "maxDuration": 5,
      "ingredient": "weave",
      "product": {
        "name": "cloth",
        "price": 100,
        "size": 4,
        "x": 0,
        "y": 0,
        "expire": 6
      },
      "level": 1,
      "upgradePrice": 0,
      "ingredientExistence": false,
      "ingredientExistence2": false,
      "existence": false,
      "productTime": -1
    },
    "iceFactory": {
      "buildPrice": 550,
      "maxDuration": 6,
      "ingredient": "cmilk",
      "product": {
        "name": "icecream",
        "price": 120,
        "size": 4,
        "x": 1,
        "y": 1,
        "expire": 6
      },
      "level": 1,
      "upgradePrice": 0,
      "ingredientExistence": false,
      "ingredientExistence2": false,
      "existence": false,
      "productTime": -1
    },
    "storage": {
      "capacity": 30,
      "names": [],
      "quantities": []
    },
    "motorCycle": {
      "capacity": 10,
      "counter": -1,
      "Max": 10,
      "coin": 0,
      "names": [],
      "quantities": []
    },
    "task": {
      "taskObj": 4,
      "timeObj": 10000,
      "chickenObj": 6,
      "buffaloObj": 10000,
      "turkeyObj": 10000,
      "coinObj": 10000,
      "eggObj": 8,
      "flourObj": 4,
      "featherObj": 2,
      "milkObj": 10000,
      "cmilkObj": 10000,
      "breadObj": 10000,
      "weaveObj": 10000,
      "clothObj": 10000,
      "iceCreamObj": 10000,
      "coinCheck": false,
      "chickenCheck": false,
      "buffaloCheck": false,
      "turkeyCheck": false,
      "eggCheck": false,
      "flourCheck": false,
      "featherCheck": false,
      "milkCheck": false,
      "cmilkCheck": false,
      "breadCheck": false,
      "weaveCheck": false,
      "clothCheck": false,
      "iceCreamCheck": false,
      "timeCheck": false,
      "totalCoin": 0,
      "timeCounter": 0,
      "eggCounter": 0,
      "flourCounter": 0,
      "featherCounter": 0,
      "milkCounter": 0,
      "cmilkCounter": 0,
      "breadCounter": 0,
      "weaveCounter": 0,
      "clothCounter": 0,
      "iceCreamCounter": 0,
      "chickenCounter": 4,
      "turkeyCounter": 0,
      "buffaloCounter": 0,
      "taskCounter": 0,
      "timeObj1": 16,
      "timeObj2": 18,
      "timeObj3": 22,
      "timeCheck1": false,
      "timeCheck2": false,
      "timeCheck3": false
    },
    "wildAnimalAddTimer1": 4,
    "wildAnimalAddTimer2": 11,
    "wildAnimalAddTimer3": 14,
    "wildAnimalAddTimer4": 10000,
    "wildAnimalAddTimer5": 10000,
    "wildAnimalAddTimer6": 10000,
    "wildAnimalAddTimer7": 10000,
    "wildAnimalAddTimer8": 10000,
    "TaskCheck": false
  },
  {
    "playerName": "iliya",
    "levelNumber": 2,
    "passedTime": 0,
    "levelEnd": false,
    "levelStarted": true,
    "coin": 500,
    "ingredients": [
      {
        "name": "egg",
        "price": 15,
        "size": 1,
        "x": 3,
        "y": 3,
        "expire": 3
      },
      {
        "name": "egg",
        "price": 15,
        "size": 1,
        "x": 5,
        "y": 5,
        "expire": 3
      }
    ],
    "chickens": [
      {
        "sellPrice": 50,
        "BuyPrice": 100,
        "x": 5,
        "y": 4,
        "health": 70,
        "speed": 1,
        "capacity": 0,
        "product": "egg",
        "productTime": 1,
        "time": 0,
        "existence": false
      },
      {
        "sellPrice": 50,
        "BuyPrice": 100,
        "x": 4,
        "y": 3,
        "health": 70,
        "speed": 1,
        "capacity": 0,
        "product": "egg",
        "productTime": 1,
        "time": 0,
        "existence": false
      }
    ],
    "buffalos": [],
    "turkies": [],
    "bears": [],
    "lions": [],
    "tigers": [],
    "cats": [],
    "dogs": [],
    "map": {
      "length": 6,
      "height": 6,
      "map": [
        [
          {
            "x": 0,
            "y": 0,
            "grass": 0
          },
          {
            "x": 0,
            "y": 1,
            "grass": 0
          },
          {
            "x": 0,
            "y": 2,
            "grass": 0
          },
          {
            "x": 0,
            "y": 3,
            "grass": 0
          },
          {
            "x": 0,
            "y": 4,
            "grass": 0
          },
          {
            "x": 0,
            "y": 5,
            "grass": 0
          }
        ],
        [
          {
            "x": 1,
            "y": 0,
            "grass": 0
          },
          {
            "x": 1,
            "y": 1,
            "grass": 0
          },
          {
            "x": 1,
            "y": 2,
            "grass": 0
          },
          {
            "x": 1,
            "y": 3,
            "grass": 0
          },
          {
            "x": 1,
            "y": 4,
            "grass": 0
          },
          {
            "x": 1,
            "y": 5,
            "grass": 0
          }
        ],
        [
          {
            "x": 2,
            "y": 0,
            "grass": 0
          },
          {
            "x": 2,
            "y": 1,
            "grass": 0
          },
          {
            "x": 2,
            "y": 2,
            "grass": 0
          },
          {
            "x": 2,
            "y": 3,
            "grass": 0
          },
          {
            "x": 2,
            "y": 4,
            "grass": 0
          },
          {
            "x": 2,
            "y": 5,
            "grass": 0
          }
        ],
        [
          {
            "x": 3,
            "y": 0,
            "grass": 0
          },
          {
            "x": 3,
            "y": 1,
            "grass": 0
          },
          {
            "x": 3,
            "y": 2,
            "grass": 0
          },
          {
            "x": 3,
            "y": 3,
            "grass": 0
          },
          {
            "x": 3,
            "y": 4,
            "grass": 0
          },
          {
            "x": 3,
            "y": 5,
            "grass": 0
          }
        ],
        [
          {
            "x": 4,
            "y": 0,
            "grass": 0
          },
          {
            "x": 4,
            "y": 1,
            "grass": 0
          },
          {
            "x": 4,
            "y": 2,
            "grass": 0
          },
          {
            "x": 4,
            "y": 3,
            "grass": 0
          },
          {
            "x": 4,
            "y": 4,
            "grass": 0
          },
          {
            "x": 4,
            "y": 5,
            "grass": 0
          }
        ],
        [
          {
            "x": 5,
            "y": 0,
            "grass": 0
          },
          {
            "x": 5,
            "y": 1,
            "grass": 0
          },
          {
            "x": 5,
            "y": 2,
            "grass": 0
          },
          {
            "x": 5,
            "y": 3,
            "grass": 0
          },
          {
            "x": 5,
            "y": 4,
            "grass": 0
          },
          {
            "x": 5,
            "y": 5,
            "grass": 0
          }
        ]
      ]
    },
    "bucket": {
      "capacity": 5,
      "duration": -1,
      "maxDuration": 5,
      "full": true
    },
    "weaveFactory": {
      "buildPrice": 250,
      "maxDuration": 4,
      "ingredient": "feather",
      "product": {
        "name": "weave",
        "price": 50,
        "size": 2,
        "x": 1,
        "y": 1,
        "expire": 5
      },
      "level": 1,
      "upgradePrice": 0,
      "ingredientExistence": false,
      "ingredientExistence2": false,
      "existence": false,
      "productTime": -1
    },
    "millFactory": {
      "buildPrice": 150,
      "maxDuration": 3,
      "ingredient": "egg",
      "product": {
        "name": "flour",
        "price": 40,
        "size": 2,
        "x": 1,
        "y": 1,
        "expire": 5
      },
      "level": 1,
      "upgradePrice": 0,
      "ingredientExistence": false,
      "ingredientExistence2": false,
      "existence": false,
      "productTime": -1
    },
    "milkFactory": {
      "buildPrice": 400,
      "maxDuration": 5,
      "ingredient": "milk",
      "product": {
        "name": "cmilk",
        "price": 60,
        "size": 2,
        "x": 1,
        "y": 1,
        "expire": 5
      },
      "level": 1,
      "upgradePrice": 0,
      "ingredientExistence": false,
      "ingredientExistence2": false,
      "existence": false,
      "productTime": -1
    },
    "bakery": {
      "buildPrice": 250,
      "maxDuration": 4,
      "ingredient": "flour",
      "product": {
        "name": "bread",
        "price": 80,
        "size": 4,
        "x": 1,
        "y": 1,
        "expire": 6
      },
      "level": 1,
      "upgradePrice": 0,
      "ingredientExistence": false,
      "ingredientExistence2": false,
      "existence": false,
      "productTime": -1
    },
    "sewingFactory": {
      "buildPrice": 400,
      "maxDuration": 5,
      "ingredient": "weave",
      "product": {
        "name": "cloth",
        "price": 100,
        "size": 4,
        "x": 0,
        "y": 0,
        "expire": 6
      },
      "level": 1,
      "upgradePrice": 0,
      "ingredientExistence": false,
      "ingredientExistence2": false,
      "existence": false,
      "productTime": -1
    },
    "iceFactory": {
      "buildPrice": 550,
      "maxDuration": 6,
      "ingredient": "cmilk",
      "product": {
        "name": "icecream",
        "price": 120,
        "size": 4,
        "x": 1,
        "y": 1,
        "expire": 6
      },
      "level": 1,
      "upgradePrice": 0,
      "ingredientExistence": false,
      "ingredientExistence2": false,
      "existence": false,
      "productTime": -1
    },
    "storage": {
      "capacity": 30,
      "names": [],
      "quantities": []
    },
    "motorCycle": {
      "capacity": 10,
      "counter": -1,
      "Max": 10,
      "coin": 0,
      "names": [],
      "quantities": []
    },
    "task": {
      "taskObj": 2,
      "timeObj": 10000,
      "chickenObj": 4,
      "buffaloObj": 10000,
      "turkeyObj": 10000,
      "coinObj": 10000,
      "eggObj": 6,
      "flourObj": 10000,
      "featherObj": 10000,
      "milkObj": 10000,
      "cmilkObj": 10000,
      "breadObj": 10000,
      "weaveObj": 10000,
      "clothObj": 10000,
      "iceCreamObj": 10000,
      "coinCheck": false,
      "chickenCheck": false,
      "buffaloCheck": false,
      "turkeyCheck": false,
      "eggCheck": false,
      "flourCheck": false,
      "featherCheck": false,
      "milkCheck": false,
      "cmilkCheck": false,
      "breadCheck": false,
      "weaveCheck": false,
      "clothCheck": false,
      "iceCreamCheck": false,
      "timeCheck": false,
      "totalCoin": 0,
      "timeCounter": 3,
      "eggCounter": 0,
      "flourCounter": 0,
      "featherCounter": 0,
      "milkCounter": 0,
      "cmilkCounter": 0,
      "breadCounter": 0,
      "weaveCounter": 0,
      "clothCounter": 0,
      "iceCreamCounter": 0,
      "chickenCounter": 2,
      "turkeyCounter": 0,
      "buffaloCounter": 0,
      "taskCounter": 0,
      "timeObj1": 10,
      "timeObj2": 12,
      "timeObj3": 16,
      "timeCheck1": false,
      "timeCheck2": false,
      "timeCheck3": false
    },
    "wildAnimalAddTimer1": 4,
    "wildAnimalAddTimer2": 8,
    "wildAnimalAddTimer3": 10000,
    "wildAnimalAddTimer4": 10000,
    "wildAnimalAddTimer5": 10000,
    "wildAnimalAddTimer6": 10000,
    "wildAnimalAddTimer7": 10000,
    "wildAnimalAddTimer8": 10000,
    "TaskCheck": false
  },
  {
    "playerName": "iliya",
    "levelNumber": 1,
    "passedTime": 0,
    "levelEnd": false,
    "levelStarted": true,
    "coin": 500,
    "ingredients": [
      {
        "name": "egg",
        "price": 15,
        "size": 1,
        "x": 5,
        "y": 2,
        "expire": 4
      },
      {
        "name": "egg",
        "price": 15,
        "size": 1,
        "x": 6,
        "y": 4,
        "expire": 4
      }
    ],
    "chickens": [
      {
        "sellPrice": 50,
        "BuyPrice": 100,
        "x": 6,
        "y": 4,
        "health": 20,
        "speed": 1,
        "capacity": 0,
        "product": "egg",
        "productTime": 1,
        "time": -1,
        "existence": false
      },
      {
        "sellPrice": 50,
        "BuyPrice": 100,
        "x": 5,
        "y": 2,
        "health": 20,
        "speed": 1,
        "capacity": 0,
        "product": "egg",
        "productTime": 1,
        "time": -1,
        "existence": false
      }
    ],
    "buffalos": [],
    "turkies": [],
    "bears": [],
    "lions": [],
    "tigers": [],
    "cats": [],
    "dogs": [],
    "map": {
      "length": 6,
      "height": 6,
      "map": [
        [
          {
            "x": 0,
            "y": 0,
            "grass": 0
          },
          {
            "x": 0,
            "y": 1,
            "grass": 0
          },
          {
            "x": 0,
            "y": 2,
            "grass": 0
          },
          {
            "x": 0,
            "y": 3,
            "grass": 0
          },
          {
            "x": 0,
            "y": 4,
            "grass": 0
          },
          {
            "x": 0,
            "y": 5,
            "grass": 0
          }
        ],
        [
          {
            "x": 1,
            "y": 0,
            "grass": 0
          },
          {
            "x": 1,
            "y": 1,
            "grass": 0
          },
          {
            "x": 1,
            "y": 2,
            "grass": 0
          },
          {
            "x": 1,
            "y": 3,
            "grass": 0
          },
          {
            "x": 1,
            "y": 4,
            "grass": 0
          },
          {
            "x": 1,
            "y": 5,
            "grass": 0
          }
        ],
        [
          {
            "x": 2,
            "y": 0,
            "grass": 0
          },
          {
            "x": 2,
            "y": 1,
            "grass": 0
          },
          {
            "x": 2,
            "y": 2,
            "grass": 0
          },
          {
            "x": 2,
            "y": 3,
            "grass": 0
          },
          {
            "x": 2,
            "y": 4,
            "grass": 0
          },
          {
            "x": 2,
            "y": 5,
            "grass": 0
          }
        ],
        [
          {
            "x": 3,
            "y": 0,
            "grass": 0
          },
          {
            "x": 3,
            "y": 1,
            "grass": 0
          },
          {
            "x": 3,
            "y": 2,
            "grass": 0
          },
          {
            "x": 3,
            "y": 3,
            "grass": 0
          },
          {
            "x": 3,
            "y": 4,
            "grass": 0
          },
          {
            "x": 3,
            "y": 5,
            "grass": 0
          }
        ],
        [
          {
            "x": 4,
            "y": 0,
            "grass": 0
          },
          {
            "x": 4,
            "y": 1,
            "grass": 0
          },
          {
            "x": 4,
            "y": 2,
            "grass": 0
          },
          {
            "x": 4,
            "y": 3,
            "grass": 0
          },
          {
            "x": 4,
            "y": 4,
            "grass": 0
          },
          {
            "x": 4,
            "y": 5,
            "grass": 0
          }
        ],
        [
          {
            "x": 5,
            "y": 0,
            "grass": 0
          },
          {
            "x": 5,
            "y": 1,
            "grass": 0
          },
          {
            "x": 5,
            "y": 2,
            "grass": 0
          },
          {
            "x": 5,
            "y": 3,
            "grass": 0
          },
          {
            "x": 5,
            "y": 4,
            "grass": 0
          },
          {
            "x": 5,
            "y": 5,
            "grass": 0
          }
        ]
      ]
    },
    "bucket": {
      "capacity": 5,
      "duration": -1,
      "maxDuration": 5,
      "full": true
    },
    "weaveFactory": {
      "buildPrice": 250,
      "maxDuration": 4,
      "ingredient": "feather",
      "product": {
        "name": "weave",
        "price": 50,
        "size": 2,
        "x": 1,
        "y": 1,
        "expire": 5
      },
      "level": 1,
      "upgradePrice": 0,
      "ingredientExistence": false,
      "ingredientExistence2": false,
      "existence": false,
      "productTime": -1
    },
    "millFactory": {
      "buildPrice": 150,
      "maxDuration": 3,
      "ingredient": "egg",
      "product": {
        "name": "flour",
        "price": 40,
        "size": 2,
        "x": 1,
        "y": 1,
        "expire": 5
      },
      "level": 1,
      "upgradePrice": 0,
      "ingredientExistence": false,
      "ingredientExistence2": false,
      "existence": false,
      "productTime": -1
    },
    "milkFactory": {
      "buildPrice": 400,
      "maxDuration": 5,
      "ingredient": "milk",
      "product": {
        "name": "cmilk",
        "price": 60,
        "size": 2,
        "x": 1,
        "y": 1,
        "expire": 5
      },
      "level": 1,
      "upgradePrice": 0,
      "ingredientExistence": false,
      "ingredientExistence2": false,
      "existence": false,
      "productTime": -1
    },
    "bakery": {
      "buildPrice": 250,
      "maxDuration": 4,
      "ingredient": "flour",
      "product": {
        "name": "bread",
        "price": 80,
        "size": 4,
        "x": 1,
        "y": 1,
        "expire": 6
      },
      "level": 1,
      "upgradePrice": 0,
      "ingredientExistence": false,
      "ingredientExistence2": false,
      "existence": false,
      "productTime": -1
    },
    "sewingFactory": {
      "buildPrice": 400,
      "maxDuration": 5,
      "ingredient": "weave",
      "product": {
        "name": "cloth",
        "price": 100,
        "size": 4,
        "x": 0,
        "y": 0,
        "expire": 6
      },
      "level": 1,
      "upgradePrice": 0,
      "ingredientExistence": false,
      "ingredientExistence2": false,
      "existence": false,
      "productTime": -1
    },
    "iceFactory": {
      "buildPrice": 550,
      "maxDuration": 6,
      "ingredient": "cmilk",
      "product": {
        "name": "icecream",
        "price": 120,
        "size": 4,
        "x": 1,
        "y": 1,
        "expire": 6
      },
      "level": 1,
      "upgradePrice": 0,
      "ingredientExistence": false,
      "ingredientExistence2": false,
      "existence": false,
      "productTime": -1
    },
    "storage": {
      "capacity": 9,
      "names": [
        "egg",
        "egg",
        "bear",
        "egg",
        "egg",
        "egg",
        "egg"
      ],
      "quantities": [
        1,
        1,
        1,
        1,
        1,
        1,
        1
      ]
    },
    "motorCycle": {
      "capacity": 10,
      "counter": -1,
      "Max": 10,
      "coin": 0,
      "names": [],
      "quantities": []
    },
    "task": {
      "taskObj": 1,
      "timeObj": 10000,
      "chickenObj": 10000,
      "buffaloObj": 10000,
      "turkeyObj": 10000,
      "coinObj": 10000,
      "eggObj": 6,
      "flourObj": 10000,
      "featherObj": 10000,
      "milkObj": 10000,
      "cmilkObj": 10000,
      "breadObj": 10000,
      "weaveObj": 10000,
      "clothObj": 10000,
      "iceCreamObj": 10000,
      "coinCheck": false,
      "chickenCheck": false,
      "buffaloCheck": false,
      "turkeyCheck": false,
      "eggCheck": true,
      "flourCheck": false,
      "featherCheck": false,
      "milkCheck": false,
      "cmilkCheck": false,
      "breadCheck": false,
      "weaveCheck": false,
      "clothCheck": false,
      "iceCreamCheck": false,
      "timeCheck": false,
      "totalCoin": 0,
      "timeCounter": 8,
      "eggCounter": 6,
      "flourCounter": 0,
      "featherCounter": 0,
      "milkCounter": 0,
      "cmilkCounter": 0,
      "breadCounter": 0,
      "weaveCounter": 0,
      "clothCounter": 0,
      "iceCreamCounter": 0,
      "chickenCounter": 2,
      "turkeyCounter": 0,
      "buffaloCounter": 0,
      "taskCounter": 1,
      "timeObj1": 8,
      "timeObj2": 10,
      "timeObj3": 12,
      "timeCheck1": true,
      "timeCheck2": false,
      "timeCheck3": false
    },
    "wildAnimalAddTimer1": 4,
    "wildAnimalAddTimer2": 10000,
    "wildAnimalAddTimer3": 10000,
    "wildAnimalAddTimer4": 10000,
    "wildAnimalAddTimer5": 10000,
    "wildAnimalAddTimer6": 10000,
    "wildAnimalAddTimer7": 10000,
    "wildAnimalAddTimer8": 10000,
    "TaskCheck": true
  }
]